instructorName,biography,yearsOfTeaching,tenured
"Dr. Alan Zhang","Leading researcher in artificial intelligence and machine learning with extensive industry experience at major tech companies. Passionate about bridging theoretical concepts with practical applications. Known for innovative teaching methods incorporating real-time industry challenges.",12,true
"Dr. Maya Patel","Conservation biologist specializing in urban ecosystems and climate change impacts. Published author of multiple papers on biodiversity conservation. Advocates for experiential learning through field studies and community-based research projects.",8,false
"Prof. James Morrison","Historian focusing on social movements and technological change in the modern era. Former Fulbright scholar with extensive archival research experience. Emphasizes critical thinking and interdisciplinary approaches to historical analysis.",15,true
"Prof. Lisa Carter","Economics professor focusing on developmental economics and global health. Former UN consultant with expertise in microfinance and women's economic empowerment.",12,true
"Dr. Michael Holmes","Marine biologist and environmental activist studying coral reef restoration and oceanic biodiversity. Encourages hands-on research for all students.",9,true
"Prof. Olivia Simmons","English literature specialist with a passion for contemporary poetry and fiction. Known for interactive seminars and literary workshops.",14,false
"Dr. Joshua Klein","Quantum physicist researching quantum entanglement and cryptography applications. Integrates problem-based learning and lab simulations.",10,true
"Prof. Diana Brooks","Anthropologist with extensive fieldwork in Southeast Asia. Focuses on cultural adaptation and societal transformation in modern contexts.",18,true
"Dr. Samuel Peterson","Data science scholar investigating big data analytics and machine learning in healthcare. Encourages interdisciplinary collaborations.",7,false
"Prof. Helena Wright","Art historian exploring Renaissance art and the patronage system. Former museum curator with strong ties to European art institutions.",16,true
"Dr. Keiko Tanaka","Mathematician specializing in algebraic geometry and number theory. Promotes research-based projects and student-led seminars.",11,true
"Prof. Marcello De Luca","Philosopher examining ethics and moral responsibility in technology. Uses Socratic dialogue and case studies for deep classroom discussions.",20,true
"Dr. Sonia Alvarez","Sociologist researching urban development and migration patterns. Encourages community-engaged scholarship and public sociology.",5,false
"Dr. Brian Armstrong","Political scientist focusing on democratic institutions and election reform. Known for incorporating real-world policy simulations.",9,true
"Prof. Ingrid Bauer","Botanist emphasizing plant physiology and biodiversity conservation. Leads interdisciplinary field expeditions in tropical ecosystems.",13,true
"Dr. Jonathan Weber","Behavioral psychologist examining learning theories and habit formation. Utilizes interactive experiments in class for experiential learning.",8,true
"Prof. Katherine Shaw","Musicologist studying 18th-century orchestral compositions and baroque performance practices. Organizes student recitals and concerts.",22,true
"Dr. Nathan Kim","Software engineering expert with a focus on embedded systems and cybersecurity. Emphasizes project-based learning with real-world coding tasks.",4,false
"Prof. Andrea Russo","Classics scholar focusing on ancient Roman law and society. Known for immersive classroom simulations of historical court cases.",17,true
"Dr. Benjamin Clarke","Environmental engineer studying sustainable water treatment solutions. Prioritizes community outreach and multidisciplinary research.",6,true
"Prof. Vivian Reid","Creative writing instructor specializing in short fiction and personal essays. Publishes widely in literary journals and anthologies.",15,true
"Dr. Lionel Wu","Neuroscientist researching brain plasticity and cognitive development. Integrates laboratory methods and cutting-edge imaging technologies.",12,false
"Prof. Claire Matthews","Management and leadership professor with corporate consulting background. Focuses on organizational behavior and team performance.",9,true
"Dr. Xavier Dubois","Astrophysicist exploring extrasolar planets and cosmic evolution. Coordinates nighttime observatory visits for star-gazing labs.",19,true
"Prof. Jenna Park","Comparative literature expert specializing in East Asian and Western literary traditions. Advocates collaborative translation projects.",10,true
"Dr. Omar Richards","Mechanical engineer researching renewable energy systems and smart grid integration. Known for practical demonstrations and industry ties.",14,true
"Prof. Ellen Fischer","Educational psychologist focusing on motivational strategies in the classroom. Publishes extensively on student engagement and self-regulation.",8,false
"Dr. Nicholas Evans","Microbiologist studying antibiotic resistance and novel drug discovery. Encourages research internships and global collaboration.",11,true
"Prof. Theresa Lang","Marketing professor examining consumer behavior and digital branding strategies. Often invites industry leaders for guest lectures.",21,true
"Dr. Julia Soto","Theoretical physicist specializing in string theory and cosmology. Noted for fostering interdisciplinary discussions with mathematicians.",15,true
"Prof. Yusuf Mansouri","Architectural historian studying Islamic architecture and urban design in North Africa. Promotes cross-cultural analysis and site visits.",16,false
"Dr. Abby Coleman","Geneticist focusing on developmental biology and disease modeling. Integrates laboratory research with real-time data analysis projects.",7,true
"Prof. Samuel Delgado","Econometrician analyzing time-series data for macroeconomic forecasting. Known for rigorous methodology and hands-on coding labs.",12,true
"Dr. Melissa Grant","Clinical psychologist researching trauma resilience and cognitive-behavioral therapies. Supervises graduate practicum programs.",13,true
"Prof. Frederick Holmes","Film studies expert examining cinematic narratives and visual storytelling. Organizes annual student film festivals.",24,true
"Dr. Naomi Schwartz","Nutrition scientist focusing on metabolic health and community-based dietary interventions. Emphasizes practical applications of research.",9,false
"Prof. Adriana Leone","Linguistics professor studying bilingual education and language acquisition. Integrates immersive language labs for skill-building.",11,true
"Dr. Martin Greene","Historian of science, analyzing how scientific discoveries shape societal development. Advocates primary source analysis in student projects.",20,true
"Prof. Rebecca Mueller","Sculptor and visual arts professor focusing on contemporary installation art. Encourages cross-disciplinary art-science collaborations.",10,true
"Dr. Simon Edwards","Geologist specializing in plate tectonics and seismic activity. Leads field trips to active fault lines for hands-on learning.",18,true
"Prof. Teresa Donovan","International relations scholar researching conflict resolution and diplomacy. Utilizes case studies from global peacekeeping efforts.",8,false
"Dr. Wesley Harper","Public health expert focusing on epidemiology and health policy. Known for designing data-driven solutions for community health issues.",5,true
"Prof. Harriet Baxter","Theater historian studying modern stagecraft and dramaturgy. Directs campus productions highlighting experimental performance styles.",17,true
"Dr. Mitchell Bradley","Criminologist examining juvenile justice systems and rehabilitation models. Advocates evidence-based policymaking at local levels.",9,true
"Prof. Linda Owens","Environmental chemist researching plastic pollution and green chemistry. Integrates citizen science projects into coursework.",23,false
"Dr. Priya Ghosh","Physicist specialized in condensed matter physics and nanotechnology. Encourages undergrad research in lab-based exploration.",15,true
"Prof. Bernard Davies","Ethnomusicologist studying cultural music traditions in West Africa. Collaborates with local performers for interactive workshops.",14,true
"Dr. Caroline Foster","Philosopher of science exploring scientific realism and the ethics of experimentation. Encourages student-led ethical debates.",25,true
"Prof. Martin Johansson","Comparative politics scholar focusing on electoral systems in Scandinavia. Employs statistical analysis of voting behavior data.",6,true
"Dr. Rachel Alvarado","Education policy researcher examining curriculum reforms and teacher development. Leads professional seminars for in-service teachers.",8,false
"Prof. Isaac Levine","Religious studies expert analyzing ancient texts and comparative theology. Hosts interdisciplinary panels on faith and culture.",10,true
"Dr. Miriam Kobayashi","Statistician specializing in Bayesian inference and data modeling. Known for applying statistical methods to diverse research fields.",12,true
"Prof. Allan Pierce","Public administration scholar focusing on local governance and civic engagement. Encourages service learning and community partnerships.",19,true