studentName,researchInterests,completedCredits,enrolledFullTime
"David Kim","Exploring applications of deep learning in computer vision and autonomous systems. Particularly interested in neural network optimization and efficient training methods for large-scale models.",45,true
"Sofia Martinez","Studying urban wildlife adaptation and ecosystem resilience in metropolitan areas. Focused on developing sustainable solutions for urban biodiversity conservation.",32,true
"Thomas Anderson","Investigating the impact of social media on political movements in the 21st century. Interested in digital archives and computational methods in historical research.",28,false
"Rachel Green","Examining gender representation in classical literature through modern critical theory.",18,true
"Michael Lee","Analyzing renewable energy storage solutions with a focus on battery efficiency and grid management.",38,true
"Jessica Brown","Researching cultural influences on language acquisition and bilingualism in early childhood.",22,true
"Andrew Wilson","Investigating potential use cases for blockchain in global supply chain management.",50,false
"Emily Zhang","Focusing on advanced microfluidics and lab-on-a-chip applications for early disease detection.",12,true
"Ethan Miller","Exploring computational chemistry methods to accelerate new drug discovery.",40,true
"Olivia Nguyen","Developing cross-cultural communication frameworks for international business negotiations.",36,false
"Liam Johnson","Studying theoretical approaches to quantum computing and error correction mechanisms.",44,true
"Ava Clark","Investigating the role of public policy in addressing climate change and environmental justice.",30,true
"Henry Rivera","Assessing the effects of social robotics on elderly patient care and mental health outcomes.",26,false
"Isabella Garcia","Examining the application of big data analytics in healthcare for disease trend prediction.",55,true
"Daniel Thompson","Focusing on data privacy laws and ethical considerations in the age of AI.",60,true
"Lauren Hall","Studying the social impact of 3D printing on remote communities and disaster relief efforts.",16,true
"Jacob Moore","Investigating the neurobiological basis of memory and the use of imaging technologies.",68,false
"Zoe Adams","Exploring VR-based rehabilitation therapies for stroke survivors.",20,true
"Christopher Perez","Applying machine learning to detect financial fraud and optimize risk assessment.",72,false
"Samantha Scott","Researching the impact of online education platforms on K-12 learning outcomes.",25,true
"Lucas Barnes","Focusing on digital forensics and cybersecurity strategies for preventing data breaches.",48,true
"Amelia Ross","Investigating antibiotic resistance and novel antimicrobial agents in hospital environments.",34,false
"Noah Davis","Exploring autonomy in drone swarm technology for search and rescue missions.",45,true
"Natalie Gray","Studying social entrepreneurship and the integration of microloans in developing regions.",37,true
"Isaac Baker","Analyzing the literary evolution of science fiction in the context of global crises.",27,false
"Chloe Foster","Examining nanomaterials for environmental remediation, specifically water purification.",43,true
"Julian Young","Investigating gamification principles in workplace training and productivity.",15,true
"Abigail Hayes","Researching the intersection of AI and environmental monitoring for disaster prediction.",51,false
"Oliver Cox","Studying the role of art therapy in mental health treatment across various age groups.",24,true
"Madison Wood","Exploring cross-linguistic semantics and the development of computational linguistics.",59,false
"Benjamin Kelly","Examining ocean acidification and coral reef restoration methods.",65,true
"Charlotte Long","Focusing on psychoeducational methods to support at-risk adolescents.",10,true
"Sebastian Brooks","Analyzing neural network compression techniques to improve energy efficiency.",54,false
"Victoria Price","Investigating the role of microfinance in poverty alleviation among rural populations.",36,true
"Evan Sanders","Researching autonomous vehicles with emphasis on ethical decision-making in AI.",42,true
"Harper Martin","Examining predictive analytics for personalized medicine in oncology.",50,false
"Gabriel Carter","Assessing the impact of social and mobile games on user behavior and engagement.",28,true
"Claire Foster","Studying wearable technology for early detection of cardiac arrhythmias.",46,false
"Logan Turner","Exploring digital humanities tools to map historical migrations and diaspora.",63,true
"Aubrey Bennett","Developing machine learning algorithms for personalized dietary recommendations.",33,true
"Nicholas Coleman","Investigating quantum cryptography for next-generation secure communications.",61,false
"Lily James","Examining environmental education strategies in early childhood settings.",14,true
"Riley Palmer","Researching digital marketing trends and influencer impact on consumer behavior.",29,true
"Ella Stewart","Studying the use of stem cell therapy for degenerative diseases such as Parkinsonâ€™s.",75,false
"Mason Hughes","Investigating the global economic impacts of large-scale immigration movements.",18,true
"Scarlett Phillips","Examining climate adaptation policies in coastal regions to mitigate flood risks.",47,true
"Wyatt Cook","Focusing on advanced control systems for bipedal robotics and prosthetic technologies.",31,false
"Evelyn Reed","Analyzing the efficacy of mindfulness-based interventions in managing chronic stress.",41,true
"Nathan Parker","Researching genetic algorithms for optimization in logistics and transportation.",58,true
"Aria Ramirez","Investigating new superconducting materials for ultra-efficient energy transmission.",77,false
"Leo Peterson","Studying educational psychology to improve STEM engagement among underrepresented youth.",23,true
"Nora Hawkins","Exploring internet-based crowdsourcing platforms for humanitarian crisis relief.",49,true
"Owen Ward","Examining the intersections of urban planning and community-led design initiatives.",35,false
